country,best_arima,mse,mape,corr,minmax
Germany,"(3, 0, 0)",8899041918.634136,0.06871110927082176,0.9301236069521243,0.06642481352980234
