country,best_arima,mse,mape,corr,minmax
Uganda,"(6, 0, 0)",50172836.30016043,0.2161925051194812,0.9728314119338297,0.215993666016699
